year,All FINRA-Registered Broker-Dealer Firms at Year End,Broker-Dealer Firms - Only at Year End,Dual Broker-Dealer and Investment Advisers at Year End,Investment Adviser Firms-Only at Year End,Securities Industry Registered Firms at Year End
2011,4455,3673,782,25524,29979
2012,4289,3545,744,27131,31420
2013,4146,3449,697,27512,31658
2014,4068,3391,677,28134,32202
2015,3943,3303,640,28712,32655
2016,3835,3226,609,29081,32916
2017,3726,3130,596,29600,33326
2018,3607,3045,562,30246,33853
2019,3517,2989,528,30535,34052
2020,3435,2930,505,30891,34326
2021,3394,2914,480,31669,35063
